{
    "dc_per_class_pp_all": {
        "1": 0.9882678355410024,
        "2": 0.9513069288508115,
        "3": 0.9862890962210336,
        "4": 0.9954032846118508,
        "5": 0.9616597675360987,
        "6": 0.9850479511182801
    },
    "dc_per_class_pp_per_class": {
        "1": 0.9882680548398955,
        "2": 0.9436936331979611,
        "3": 0.9862890831654268,
        "4": 0.9953997892410099,
        "5": 0.8989988104185392,
        "6": 0.9754372592288776
    },
    "dc_per_class_raw": {
        "1": 0.9882678355410024,
        "2": 0.9513069288508115,
        "3": 0.9863404424237142,
        "4": 0.9954032846118508,
        "5": 0.9616597675360987,
        "6": 0.9850479511182801
    },
    "for_which_classes": [
        1
    ],
    "min_valid_object_sizes": "None",
    "num_samples": 127,
    "validation_final": "validation_raw_postprocessed",
    "validation_raw": "validation_raw"
}